"","#1 Respiratory Letzte (V)","#2 Breast L Letzte (V)","#3 Breast R Letzte (V)","#4 Stomach L Letzte (V)","#5 Stomach R Letzte (V)","#6 Navel Letzte (V)","#7 Outside L Letzte (V)","#8 Outside R Letzte (V)","#9 Arm L Letzte (V)","#10 Arm R Letzte (V)","#11 FC Sash L Letzte (V)","#12 FC Sash R Letzte (V)","#13 Zero Adjust Letzte (V)","#16 Movement Letzte (V)"
"00:00:00","0,138","0,125","0,093","0,001","0,182","0,280","0,040","0,064","0,054","0,036","0,297","0,294","0,896","2,338"
"00:00:01","0,138","0,125","0,092","0","0,179","0,279","0,034","0,058","0,048","0,031","0,297","0,293","0,896","2,338"
"00:00:02","0,139","0,125","0,092","0","0,175","0,277","0,028","0,052","0,044","0,025","0,297","0,292","0,896","2,335"
"00:00:03","0,140","0,124","0,092","0","0,172","0,276","0,023","0,049","0,042","0,020","0,298","0,291","0,896","2,295"
"00:00:04","0,141","0,120","0,093","0","0,169","0,275","0,019","0,045","0,039","0,016","0,297","0,291","0,896","2,314"
"00:00:05","0,141","0,118","0,092","0","0,165","0,273","0,016","0,042","0,036","0,012","0,297","0,291","0,896","2,382"
"00:00:06","0,141","0,116","0,088","0","0,160","0,271","0,014","0,037","0,033","0,008","0,298","0,292","0,896","2,374"
"00:00:07","0,141","0,113","0,085","0","0,160","0,271","0,011","0,033","0,027","0,005","0,298","0,292","0,896","2,339"
"00:00:08","0,142","0,110","0,084","0","0,164","0,271","0,008","0,031","0,019","0,002","0,298","0,292","0,896","2,339"
"00:00:09","0,141","0,106","0,083","0","0,165","0,271","0,004","0,030","0,013","0,001","0,298","0,293","0,896","2,339"
"00:00:10","0,141","0,101","0,083","0","0,165","0,272","0,002","0,031","0,011","0,000","0,298","0,293","0,896","2,339"
"00:00:11","0,141","0,098","0,084","0","0,166","0,272","0,002","0,031","0,012","0,002","0,298","0,293","0,896","2,338"
"00:00:12","0,140","0,096","0,085","0","0,167","0,272","0,002","0,032","0,011","0,004","0,298","0,293","0,896","2,338"
"00:00:13","0,140","0,093","0,085","0","0,168","0,272","0,003","0,031","0,011","0,002","0,298","0,293","0,896","2,338"
"00:00:14","0,140","0,092","0,084","0","0,168","0,273","0,002","0,031","0,013","0,000","0,298","0,293","0,896","2,338"
"00:00:15","0,139","0,092","0,083","0","0,166","0,274","0,001","0,031","0,014","0","0,297","0,294","0,896","2,338"
"00:00:16","0,138","0,092","0,083","0","0,164","0,274","0,003","0,031","0,016","0","0,296","0,293","0,896","2,338"
"00:00:17","0,136","0,092","0,083","0,000","0,163","0,275","0,004","0,031","0,018","0","0,296","0,293","0,896","2,338"
"00:00:18","0,136","0,093","0,083","0,002","0,162","0,276","0,004","0,031","0,019","0","0,294","0,293","0,896","2,338"
"00:00:19","0,135","0,097","0,082","0,004","0,159","0,276","0,005","0,030","0,020","0","0,293","0,292","0,896","2,338"
"00:00:20","0,135","0,101","0,082","0,005","0,156","0,277","0,005","0,029","0,021","0","0,291","0,291","0,896","2,339"
"00:00:21","0,135","0,105","0,082","0,006","0,154","0,277","0,000","0,027","0,023","0","0,290","0,290","0,896","2,338"
"00:00:22","0,136","0,109","0,083","0,006","0,153","0,278","0","0,026","0,024","0","0,288","0,290","0,896","2,338"
"00:00:23","0,135","0,112","0,085","0,005","0,152","0,278","0","0,025","0,026","0","0,286","0,289","0,896","2,338"
"00:00:24","0,133","0,114","0,085","0,006","0,152","0,277","0","0,024","0,030","0","0,284","0,289","0,896","2,338"
"00:00:25","0,131","0,116","0,086","0,006","0,150","0,276","0","0,025","0,034","0","0,282","0,288","0,896","2,338"
"00:00:26","0,130","0,118","0,085","0,004","0,149","0,274","0","0,026","0,037","0","0,280","0,288","0,896","2,338"
"00:00:27","0,128","0,118","0,086","0,003","0,147","0,273","0","0,027","0,040","0","0,280","0,288","0,896","2,338"
"00:00:28","0,128","0,117","0,087","0,003","0,146","0,272","0","0,028","0,043","0","0,279","0,287","0,896","2,338"
"00:00:29","0,128","0,115","0,088","0,004","0,145","0,271","0","0,028","0,045","0","0,278","0,285","0,896","2,338"
"00:00:30","0,127","0,113","0,089","0,006","0,144","0,270","0,002","0,027","0,048","0","0,278","0,283","0,896","2,338"
"00:00:31","0,127","0,114","0,090","0,007","0,143","0,270","0,006","0,026","0,050","0","0,277","0,280","0,896","2,338"
"00:00:32","0,127","0,115","0,090","0,010","0,142","0,271","0,008","0,026","0,052","0","0,277","0,277","0,896","2,338"
"00:00:33","0,129","0,117","0,090","0,012","0,141","0,271","0,011","0,025","0,053","0","0,276","0,274","0,896","2,338"
"00:00:34","0,130","0,118","0,091","0,013","0,140","0,272","0,014","0,026","0,055","0","0,275","0,272","0,896","2,338"
"00:00:35","0,132","0,120","0,091","0,013","0,138","0,271","0,017","0,026","0,056","0","0,273","0,270","0,896","2,338"
"00:00:36","0,133","0,121","0,092","0,012","0,136","0,270","0,018","0,026","0,057","0","0,272","0,269","0,896","2,338"
"00:00:37","0,133","0,120","0,093","0,011","0,133","0,269","0,017","0,026","0,057","0","0,272","0,267","0,896","2,338"
"00:00:38","0,132","0,119","0,093","0,010","0,129","0,266","0,017","0,028","0,058","0","0,272","0,266","0,896","2,338"
"00:00:39","0,130","0,118","0,092","0,009","0,126","0,263","0,017","0,031","0,058","0","0,272","0,265","0,896","2,338"
"00:00:40","0,127","0,116","0,093","0,006","0,121","0,259","0,017","0,033","0,058","0","0,272","0,264","0,896","2,338"
"00:00:41","0,125","0,114","0,092","0,003","0,118","0,255","0,014","0,035","0,058","0","0,272","0,263","0,896","2,338"
"00:00:42","0,122","0,111","0,091","0,001","0,114","0,252","0,012","0,036","0,059","0","0,271","0,262","0,896","2,338"
"00:00:43","0,120","0,109","0,089","0,001","0,110","0,246","0,011","0,038","0,059","0","0,271","0,261","0,896","2,338"
"00:00:44","0,119","0,107","0,089","0,002","0,106","0,241","0,010","0,040","0,060","0","0,271","0,259","0,896","2,338"
"00:00:45","0,120","0,106","0,090","0,003","0,102","0,237","0,009","0,041","0,060","0","0,271","0,258","0,896","2,338"
"00:00:46","0,120","0,106","0,089","0,004","0,099","0,234","0,010","0,042","0,059","0","0,271","0,257","0,896","2,338"
"00:00:47","0,121","0,107","0,087","0,004","0,097","0,228","0,011","0,042","0,058","0","0,271","0,256","0,896","2,338"
"00:00:48","0,120","0,107","0,087","0,003","0,095","0,223","0,013","0,041","0,056","0","0,271","0,255","0,896","2,338"
"00:00:49","0,120","0,106","0,087","0,002","0,094","0,218","0,016","0,040","0,055","0","0,272","0,254","0,896","2,338"
"00:00:50","0,120","0,105","0,086","0,001","0,094","0,212","0,019","0,039","0,056","0","0,272","0,253","0,896","2,338"
"00:00:51","0,119","0,102","0,085","0,001","0,094","0,208","0,019","0,040","0,056","0","0,273","0,252","0,895","2,338"
"00:00:52","0,117","0,100","0,084","0,001","0,093","0,204","0,021","0,040","0,056","0","0,273","0,251","0,896","2,333"
"00:00:53","0,117","0,100","0,083","0,002","0,094","0,201","0,023","0,039","0,059","0","0,273","0,251","0,896","2,268"
"00:00:54","0,116","0,099","0,081","0,004","0,094","0,199","0,023","0,037","0,061","0","0,274","0,251","0,896","2,273"
"00:00:55","0,116","0,099","0,078","0,004","0,092","0,196","0,024","0,037","0,062","0","0,274","0,251","0,896","2,409"
"00:00:56","0,116","0,095","0,073","0","0,090","0,191","0,025","0,037","0,062","0","0,274","0,251","0,896","2,409"
"00:00:57","0,115","0,092","0,069","0","0,091","0,187","0,023","0,038","0,059","0","0,274","0,252","0,896","2,339"
"00:00:58","0,114","0,090","0,067","0","0,093","0,182","0,021","0,038","0,056","0","0,274","0,252","0,895","2,339"
"00:00:59","0,113","0,088","0,066","0","0,093","0,178","0,020","0,036","0,054","0","0,275","0,253","0,896","2,339"
"00:01:00","0,112","0,085","0,064","0","0,092","0,173","0,019","0,035","0,052","0","0,275","0,272","0,896","2,339"
"00:01:01","0,111","0,082","0,062","0","0,088","0,169","0,020","0,032","0,050","0","0,275","0,464","0,896","2,338"
"00:01:02","0,110","0,079","0,059","0","0,085","0,165","0,019","0,029","0,050","0","0,275","0,852","0,896","2,338"
"00:01:03","0,108","0,076","0,057","0","0,082","0,160","0,019","0,027","0,049","0","0,274","1,398","0,897","2,338"
"00:01:04","0,107","0,072","0,055","0","0,079","0,156","0,021","0,025","0,049","0","0,274","1,738","0,897","2,338"
"00:01:05","0,106","0,069","0,052","0","0,077","0,152","0,022","0,023","0,048","0","0,274","1,856","0,897","2,338"
"00:01:06","0,106","0,066","0,050","0","0,076","0,149","0,021","0,020","0,047","0","0,275","1,855","0,897","2,338"
"00:01:07","0,106","0,065","0,049","0","0,076","0,147","0,020","0,018","0,045","0","0,275","1,798","0,897","2,338"
"00:01:08","0,105","0,064","0,047","0","0,075","0,145","0,018","0,017","0,044","0","0,275","1,715","0,897","2,338"
"00:01:09","0,105","0,065","0,045","0","0,077","0,142","0,017","0,017","0,042","0","0,279","1,624","0,897","2,338"
"00:01:10","0,104","0,068","0,045","0","0,078","0,142","0,016","0,017","0,040","0","0,288","1,533","0,897","2,338"
"00:01:11","0,103","0,068","0,045","0","0,079","0,140","0,017","0,017","0,039","0","0,298","1,448","0,897","2,338"
"00:01:12","0,103","0,067","0,046","0","0,080","0,140","0,015","0,014","0,037","0","0,323","1,376","0,896","2,338"
"00:01:13","0,102","0,067","0,047","0","0,080","0,141","0,011","0,010","0,035","0","0,382","1,327","0,897","2,338"
"00:01:14","0,102","0,067","0,048","0","0,080","0,139","0,006","0,006","0,034","0","0,494","1,315","0,897","2,338"
"00:01:15","0,102","0,068","0,049","0","0,081","0,138","0,003","0,003","0,032","0","0,646","1,354","0,897","2,338"
"00:01:16","0,103","0,070","0,049","0","0,081","0,136","0,002","0,002","0,031","0","0,794","1,437","0,897","2,338"
"00:01:17","0,103","0,072","0,048","0","0,081","0,133","0,002","0,000","0,030","0","0,902","1,520","0,897","2,338"
"00:01:18","0,102","0,072","0,047","0","0,081","0,131","0,003","0","0,029","0","0,971","1,603","0,897","2,338"
"00:01:19","0,100","0,073","0,044","0","0,079","0,131","0,005","0","0,028","0","1,010","1,661","0,897","2,338"
"00:01:20","0,099","0,073","0,042","0","0,078","0,130","0,006","0,000","0,027","0","1,032","1,693","0,897","2,338"
"00:01:21","0,097","0,074","0,040","0","0,075","0,130","0,007","0,001","0,027","0","1,058","1,701","0,897","2,338"
"00:01:22","0,095","0,073","0,037","0","0,072","0,128","0,008","0,002","0,027","0","1,110","1,696","0,897","2,338"
"00:01:23","0,094","0,071","0,034","0","0,069","0,127","0,009","0,003","0,027","0","1,168","1,698","0,897","2,338"
"00:01:24","0,092","0,068","0,031","0","0,067","0,125","0,010","0,004","0,027","0","1,219","1,700","0,897","2,338"
"00:01:25","0,090","0,067","0,029","0","0,066","0,124","0,011","0,003","0,028","0","1,260","1,702","0,897","2,338"
"00:01:26","0,089","0,065","0,028","0","0,065","0,123","0,014","0,004","0,028","0","1,294","1,708","0,897","2,338"
"00:01:27","0,088","0,063","0,028","0","0,064","0,120","0,011","0,003","0,028","0","1,325","1,715","0,898","2,338"
"00:01:28","0,087","0,061","0,028","0","0,064","0,118","0,009","0,003","0,028","0","1,357","1,719","0,898","2,338"
"00:01:29","0,086","0,058","0,027","0","0,062","0,116","0,008","0,004","0,028","0","1,404","1,723","0,897","2,338"
"00:01:30","0,085","0,058","0,027","0","0,062","0,116","0,005","0,006","0,027","0","1,450","1,725","0,898","2,338"
"00:01:31","0,084","0,059","0,028","0","0,062","0,114","0,003","0,008","0,027","0","1,476","1,724","0,898","2,338"
"00:01:32","0,083","0,058","0,029","0","0,065","0,113","0,004","0,010","0,027","0","1,485","1,720","0,897","2,338"
"00:01:33","0,081","0,057","0,030","0","0,067","0,110","0,004","0,012","0,025","0","1,489","1,716","0,897","2,338"
"00:01:34","0,080","0,055","0,030","0","0,069","0,108","0,004","0,015","0,020","0","1,492","1,713","0,898","2,338"
"00:01:35","0,080","0,053","0,030","0","0,070","0,107","0,007","0,017","0,012","0","1,500","1,711","0,898","2,338"
"00:01:36","0,079","0,049","0,029","0","0,072","0,106","0,012","0,018","0,002","0","1,518","1,711","0,897","2,338"
"00:01:37","0,080","0,046","0,029","0","0,072","0,105","0,018","0,018","0","0","1,537","1,713","0,898","2,338"
"00:01:38","0,080","0,045","0,030","0","0,072","0,104","0,019","0,018","0","0","1,557","1,716","0,898","2,338"
"00:01:39","0,079","0,044","0,030","0","0,070","0,102","0,019","0,018","0","0","1,587","1,718","0,898","2,338"
"00:01:40","0,078","0,044","0,030","0","0,069","0,101","0,020","0,018","0","0","1,628","1,720","0,898","2,338"
"00:01:41","0,077","0,045","0,031","0","0,068","0,100","0,022","0,017","0","0","1,662","1,727","0,898","2,338"
"00:01:42","0,076","0,043","0,030","0","0,069","0,099","0,023","0,015","0","0","1,681","1,737","0,898","2,338"
"00:01:43","0,077","0,038","0,030","0","0,068","0,097","0,024","0,013","0","0","1,692","1,746","0,898","2,338"
"00:01:44","0,078","0,036","0,030","0","0,067","0,096","0,025","0,011","0","0","1,699","1,753","0,898","2,338"
"00:01:45","0,079","0,033","0,030","0","0,066","0,097","0,029","0,010","0","0","1,703","1,754","0,898","2,338"
"00:01:46","0,079","0,032","0,029","0","0,064","0,103","0,031","0,008","0","0","1,709","1,754","0,898","2,338"
"00:01:47","0,079","0,036","0,028","0","0,060","0,110","0,029","0,006","0","0","1,714","1,755","0,898","2,338"
"00:01:48","0,079","0,042","0,027","0","0,058","0,116","0,029","0,005","0","0","1,717","1,760","0,898","2,338"
"00:01:49","0,078","0,047","0,024","0","0,056","0,125","0,030","0,004","0","0","1,717","1,764","0,898","2,338"
"00:01:50","0,077","0,050","0,022","0","0,053","0,136","0,032","0,003","0","0","1,709","1,766","0,898","2,338"
"00:01:51","0,075","0,052","0,020","0","0,052","0,147","0,031","0,003","0","0","1,699","1,768","0,898","2,338"
"00:01:52","0,073","0,055","0,019","0","0,051","0,157","0,030","0,002","0","0","1,695","1,771","0,898","2,338"
"00:01:53","0,072","0,058","0,019","0","0,051","0,167","0,029","0,002","0","0","1,699","1,772","0,898","2,338"
"00:01:54","0,071","0,060","0,019","0","0,052","0,175","0,028","0,001","0","0","1,703","1,771","0,898","2,338"
"00:01:55","0,069","0,062","0,019","0","0,052","0,183","0,025","0,001","0","0","1,709","1,769","0,898","2,338"
"00:01:56","0,068","0,064","0,019","0","0,053","0,190","0,020","0,000","0","0","1,717","1,767","0,898","2,338"
"00:01:57","0,068","0,067","0,018","0","0,052","0,195","0,016","0","0","0","1,724","1,764","0,898","2,338"
"00:01:58","0,067","0,069","0,017","0","0,051","0,200","0,012","0","0","0","1,727","1,761","0,898","2,338"
"00:01:59","0,066","0,071","0,016","0","0,049","0,201","0,010","0","0","0","1,725","1,757","0,898","2,338"
"00:02:00","0,064","0,071","0,014","0","0,047","0,202","0,009","0","0,002","0","1,720","1,755","0,898","2,338"
"00:02:01","0,063","0,072","0,013","0","0,043","0,207","0,009","0","0,007","0","1,716","1,751","0,898","2,338"
"00:02:02","0,062","0,073","0,012","0","0,040","0,212","0,008","0","0,013","0","1,713","1,745","0,898","2,338"
"00:02:03","0,060","0,074","0,012","0","0,037","0,217","0,007","0","0,018","0","1,713","1,743","0,898","2,338"
"00:02:04","0,058","0,076","0,011","0","0,035","0,221","0,006","0","0,023","0","1,714","1,745","0,898","2,338"
"00:02:05","0,056","0,074","0,011","0","0,033","0,226","0,006","0","0,025","0","1,714","1,750","0,898","2,338"
"00:02:06","0,053","0,070","0,010","0","0,032","0,227","0,006","0","0,026","0","1,713","1,758","0,898","2,338"
"00:02:07","0,049","0,067","0,008","0","0,031","0,229","0,006","0","0,028","0","1,713","1,767","0,898","2,338"
"00:02:08","0,048","0,063","0,007","0","0,030","0,230","0,004","0","0,029","0","1,715","1,776","0,898","2,338"
"00:02:09","0,047","0,060","0,007","0","0,030","0,232","0,003","0","0,030","0","1,721","1,781","0,898","2,338"
"00:02:10","0,047","0,059","0,007","0","0,030","0,232","0,004","0","0,030","0","1,733","1,781","0,898","2,338"
"00:02:11","0,046","0,058","0,006","0,000","0,029","0,232","0,005","0","0,031","0","1,748","1,787","0,898","2,338"
"00:02:12","0,045","0,055","0,005","0,001","0,030","0,233","0,005","0,000","0,032","0","1,762","1,802","0,898","2,338"
"00:02:13","0,043","0,053","0,003","0,002","0,031","0,234","0,004","0,001","0,033","0","1,778","1,820","0,898","2,338"
"00:02:14","0,043","0,051","0,001","0,002","0,032","0,234","0,003","0,002","0,034","0","1,790","1,838","0,898","2,338"
"00:02:15","0,044","0,049","0,001","0,002","0,033","0,235","0,004","0,001","0,036","0","1,797","1,853","0,898","2,338"
"00:02:16","0,044","0,047","0,000","0,002","0,034","0,236","0,004","0,002","0,038","0","1,801","1,861","0,898","2,338"
"00:02:17","0,045","0,049","0,001","0,002","0,036","0,235","0,001","0,003","0,041","0","1,801","1,862","0,898","2,338"
"00:02:18","0,045","0,050","0,002","0,001","0,039","0,233","0","0,002","0,044","0","1,802","1,859","0,898","2,338"
"00:02:19","0,046","0,049","0,003","0,001","0,043","0,227","0","0,002","0,045","0","1,803","1,855","0,898","2,338"
"00:02:20","0,047","0,047","0,003","0,001","0,047","0,219","0","0,003","0,047","0","1,804","1,847","0,898","2,338"
"00:02:21","0,047","0,046","0,005","0,002","0,051","0,213","0","0,005","0,047","0","1,803","1,838","0,898","2,338"
"00:02:22","0,048","0,049","0,006","0,004","0,054","0,206","0","0,007","0,047","0","1,800","1,833","0,898","2,338"
"00:02:23","0,049","0,054","0,007","0,004","0,057","0,201","0","0,007","0,047","0","1,814","1,829","0,898","2,338"
"00:02:24","0,050","0,058","0,009","0,004","0,059","0,197","0,001","0,007","0,046","0","1,839","1,821","0,898","2,338"
"00:02:25","0,051","0,061","0,011","0,003","0,062","0,191","0,002","0,008","0,047","0","1,855","1,813","0,898","2,338"
"00:02:26","0,052","0,063","0,013","0,002","0,063","0,184","0,003","0,009","0,047","0","1,860","1,805","0,898","2,338"
"00:02:27","0,053","0,064","0,014","0","0,064","0,178","0,004","0,010","0,048","0","1,857","1,797","0,898","2,338"
"00:02:28","0,054","0,062","0,015","0","0,065","0,171","0,007","0,011","0,050","0","1,851","1,790","0,898","2,338"
"00:02:29","0,056","0,057","0,016","0","0,066","0,165","0,007","0,012","0,052","0","1,846","1,784","0,898","2,338"
"00:02:30","0,057","0,053","0,017","0","0,068","0,160","0,006","0,014","0,051","0","1,841","1,777","0,898","2,338"
"00:02:31","0,059","0,052","0,017","0","0,071","0,156","0,007","0,016","0,049","0","1,837","1,769","0,898","2,338"
"00:02:32","0,061","0,052","0,019","0","0,074","0,151","0,007","0,018","0,048","0","1,834","1,760","0,898","2,338"
"00:02:33","0,062","0,051","0,020","0","0,076","0,147","0,005","0,019","0,045","0","1,832","1,751","0,898","2,338"
"00:02:34","0,063","0,050","0,022","0","0,076","0,143","0,003","0,021","0,041","0","1,828","1,750","0,898","2,338"
"00:02:35","0,063","0,049","0,023","0","0,077","0,140","0,003","0,023","0,040","0","1,823","1,752","0,898","2,338"
"00:02:36","0,064","0,049","0,023","0","0,078","0,138","0,004","0,026","0,042","0","1,817","1,750","0,898","2,338"
"00:02:37","0,064","0,050","0,023","0","0,079","0,135","0,004","0,027","0,043","0","1,812","1,741","0,898","2,338"
"00:02:38","0,064","0,051","0,023","0","0,079","0,132","0,004","0,029","0,044","0","1,809","1,737","0,898","2,338"
"00:02:39","0,064","0,052","0,023","0","0,080","0,129","0,006","0,030","0,045","0","1,808","1,738","0,898","2,338"
"00:02:40","0,065","0,054","0,023","0","0,080","0,126","0,007","0,031","0,047","0","1,808","1,740","0,898","2,338"
"00:02:41","0,066","0,053","0,024","0","0,080","0,123","0,009","0,032","0,049","0","1,812","1,744","0,898","2,338"
"00:02:42","0,068","0,050","0,026","0","0,079","0,120","0,011","0,032","0,051","0","1,819","1,746","0,898","2,338"
"00:02:43","0,068","0,049","0,026","0","0,079","0,117","0,012","0,032","0,052","0","1,824","1,747","0,898","2,338"
"00:02:44","0,067","0,046","0,025","0","0,077","0,116","0,012","0,033","0,053","0","1,830","1,746","0,898","2,338"
"00:02:45","0,067","0,045","0,025","0","0,076","0,114","0,012","0,034","0,054","0","1,833","1,746","0,898","2,338"
"00:02:46","0,067","0,046","0,024","0","0,075","0,112","0,012","0,035","0,053","0","1,835","1,745","0,898","2,338"
"00:02:47","0,067","0,045","0,023","0","0,074","0,108","0,013","0,035","0,052","0","1,838","1,744","0,898","2,338"
"00:02:48","0,066","0,045","0,022","0","0,073","0,104","0,013","0,035","0,052","0","1,840","1,745","0,898","2,338"
"00:02:49","0,065","0,044","0,021","0","0,072","0,101","0,014","0,033","0,050","0","1,837","1,748","0,898","2,338"
"00:02:50","0,065","0,044","0,019","0","0,072","0,098","0,014","0,033","0,047","0","1,830","1,752","0,898","2,338"
"00:02:51","0,065","0,041","0,017","0","0,071","0,095","0,013","0,033","0,046","0","1,822","1,756","0,898","2,338"
"00:02:52","0,065","0,039","0,015","0","0,071","0,093","0,013","0,034","0,045","0","1,814","1,761","0,898","2,338"
"00:02:53","0,064","0,036","0,013","0","0,072","0,091","0,013","0,034","0,042","0","1,804","1,766","0,898","2,338"
"00:02:54","0,063","0,037","0,011","0","0,071","0,090","0,013","0,032","0,039","0","1,795","1,769","0,898","2,338"
"00:02:55","0,063","0,036","0,008","0","0,072","0,090","0,013","0,029","0,036","0","1,787","1,771","0,898","2,338"
"00:02:56","0,062","0,034","0,008","0","0,072","0,091","0,013","0,025","0,035","0","1,782","1,774","0,898","2,338"
"00:02:57","0,062","0,032","0,007","0","0,073","0,093","0,011","0,022","0,036","0","1,778","1,778","0,898","2,338"
"00:02:58","0,061","0,033","0,007","0","0,073","0,094","0,010","0,022","0,036","0","1,776","1,783","0,898","2,338"
"00:02:59","0,061","0,036","0,007","0","0,073","0,095","0,010","0,022","0,036","0","1,783","1,790","0,898","2,338"
"00:03:00","0,061","0,039","0,007","0","0,072","0,097","0,009","0,023","0,036","0","1,805","1,796","0,898","2,338"
"00:03:01","0,061","0,042","0,008","0","0,071","0,100","0,009","0,024","0,036","0","1,824","1,807","0,898","2,338"
"00:03:02","0,061","0,044","0,010","0","0,070","0,103","0,011","0,026","0,037","0","1,832","1,820","0,898","2,347"
"00:03:03","0,063","0,045","0,011","0","0,071","0,105","0,012","0,028","0,038","0","1,832","1,830","0,898","2,655"
"00:03:04","0,063","0,045","0,011","0","0,071","0,104","0,010","0,025","0,033","0","1,830","1,836","0,898","2,679"
"00:03:05","0,063","0,043","0,012","0","0,070","0,100","0,006","0,021","0,027","0,095","1,824","1,843","0,898","2,600"
"00:03:06","0,062","0,040","0,013","0","0,069","0,097","0,002","0,017","0,020","0,614","1,818","1,849","0,898","2,246"
"00:03:07","0,062","0,038","0,014","0","0,070","0,099","0","0,014","0,016","0,771","1,811","1,853","0,898","2,000"
"00:03:08","0,062","0,035","0,014","0","0,073","0,105","0","0,016","0,018","0,828","1,807","1,850","0,898","2,000"
"00:03:09","0,061","0,032","0,014","0,488","0,077","0,111","0","0,017","0,023","0,880","1,802","1,845","0,898","2,000"
"00:03:10","0,060","0,091","0,014","1,532","0,542","0,118","0","0,021","0,032","0,877","1,794","1,839","0,899","2,130"
"00:03:11","0,060","0,597","0,018","1,873","0,964","0,125","0,825","0,025","0,042","0,834","1,792","1,832","0,901","2,483"
"00:03:12","0,060","0,826","0,034","1,888","1,058","0,131","1,418","0,026","0,052","0,774","1,812","1,827","0,901","2,679"
"00:03:13","0,063","0,969","0,064","1,834","1,056","0,139","1,490","0,026","0,364","0,708","1,835","1,822","0,901","2,679"
"00:03:14","0,103","1,023","0,098","1,767","1,069","0,146","1,465","0,050","0,676","0,642","2,048","1,819","0,902","2,679"
"00:03:15","0,147","1,011","0,150","1,682","1,075","0,145","1,399","0,123","0,842","0,583","2,268","1,816","0,902","2,471"
"00:03:16","0,182","0,968","0,209","1,581","1,041","0,144","1,302","0,457","0,880","0,542","2,356","1,843","0,902","2,118"
"00:03:17","0,197","0,919","0,241","1,475","0,987","0,146","1,196","0,640","0,863","0,515","2,398","1,989","0,902","2,000"
"00:03:18","0,202","0,857","0,253","1,444","0,926","0,152","1,093","0,680","0,864","0,500","2,395","2,177","0,902","2,000"
"00:03:19","0,200","0,793","0,260","1,941","0,869","0,156","1,000","0,666","0,879","0,504","2,375","2,268","0,902","2,000"
"00:03:20","0,195","1,050","0,267","2,164","0,814","0,159","1,216","0,634","0,868","0,499","2,342","2,280","0,903","2,269"
"00:03:21","0,187","1,301","0,306","2,165","0,757","0,157","1,611","0,592","0,821","0,476","2,305","2,263","0,903","2,620"
"00:03:22","0,176","1,306","0,335","2,100","0,703","0,155","1,707","0,550","0,781","0,448","2,267","2,240","0,903","2,679"
"00:03:23","0,165","1,281","0,335","2,020","0,668","0,155","1,665","0,507","0,928","0,445","2,241","2,206","0,903","2,679"
"00:03:24","0,155","1,241","0,320","1,930","0,685","0,152","1,590","0,469","0,992","0,496","2,226","2,172","0,903","2,664"
"00:03:25","0,151","1,182","0,303","1,827","0,698","0,145","1,494","0,443","0,982","0,572","2,214","2,138","0,902","2,332"
"00:03:26","0,152","1,114","0,299","1,718","0,685","0,144","1,384","0,429","0,935","0,578","2,195","2,109","0,902","2,007"
"00:03:27","0,152","1,046","0,302","1,606","0,657","0,145","1,275","0,418","0,874","0,554","2,166","2,081","0,902","2,000"
"00:03:28","0,151","1,000","0,301","1,669","0,629","0,150","1,173","0,408","0,809","0,543","2,127","2,070","0,902","2,000"
"00:03:29","0,149","1,395","0,302","1,963","0,604","0,152","1,080","0,393","0,763","0,545","2,081","2,067","0,902","2,055"
"00:03:30","0,149","1,800","0,446","1,992","0,578","0,154","1,097","0,377","0,729","0,528","2,051","2,057","0,902","2,407"
"00:03:31","0,147","1,851","0,652","1,931","0,549","0,154","1,199","0,358","0,707","0,495","2,062","2,056","0,903","2,679"
"00:03:32","0,157","1,821","0,701","1,840","0,520","0,154","1,172","0,337","0,744","0,457","2,090","2,057","0,902","2,679"
"00:03:33","0,171","1,758","0,683","1,738","0,514","0,151","1,111","0,316","0,869","0,416","2,114","2,051","0,902","2,679"
"00:03:34","0,182","1,675","0,669","1,629","0,555","0,145","1,043","0,299","0,910","0,380","2,128","2,043","0,902","2,617"
"00:03:35","0,187","1,582","0,665","1,526","0,595","0,137","0,975","0,309","0,893","0,358","2,134","2,033","0,902","2,546"
"00:03:36","0,187","1,484","0,649","1,425","0,971","0,128","0,909","0,327","0,845","0,363","2,136","2,020","0,902","2,567"
"00:03:37","0,184","1,384","0,618","1,340","1,356","0,120","0,849","0,345","0,783","0,362","2,134","2,006","0,902","2,679"
"00:03:38","0,178","1,288","0,578","1,276","1,423","0,115","0,818","0,353","0,718","0,356","2,124","1,995","0,902","2,678"
"00:03:39","0,171","1,199","0,535","1,207","1,402","0,110","0,789","0,345","0,653","0,338","2,112","1,985","0,902","2,547"
"00:03:40","0,165","1,121","0,492","1,139","1,343","0,103","0,739","0,343","0,589","0,388","2,101","1,979","0,902","2,547"
"00:03:41","0,163","1,052","0,453","1,066","1,271","0,098","0,690","0,341","0,530","0,429","2,092","1,981","0,901","2,676"
"00:03:42","0,159","0,986","0,422","0,989","1,195","0,101","0,642","0,331","0,474","0,432","2,091","1,992","0,901","2,679"
"00:03:43","0,154","0,926","0,397","0,918","1,119","0,104","0,599","0,315","0,423","0,414","2,095","2,008","0,901","2,580"
"00:03:44","0,154","0,886","0,372","0,857","1,042","0,103","0,557","0,299","0,380","0,435","2,093","2,024","0,901","2,547"
"00:03:45","0,159","0,856","0,350","0,799","0,967","0,100","0,516","0,286","0,339","0,487","2,087","2,037","0,901","2,602"
"00:03:46","0,161","0,818","0,330","0,741","0,899","0,101","0,474","0,273","0,301","0,498","2,081","2,046","0,901","2,679"
"00:03:47","0,160","0,775","0,311","0,690","0,838","0,107","0,437","0,258","0,268","0,557","2,074","2,051","0,901","2,666"
"00:03:48","0,159","0,741","0,294","0,649","0,787","0,108","0,407","0,244","0,238","0,984","2,070","2,053","0,901","2,547"
"00:03:49","0,159","0,716","0,285","0,611","0,742","0,105","0,378","0,237","0,213","1,176","2,066","2,056","0,901","2,547"
"00:03:50","0,158","0,690","0,276","0,569","0,700","0,102","0,351","0,232","0,189","1,205","2,062","2,061","0,901","2,679"
"00:03:51","0,155","0,657","0,264","0,529","0,660","0,104","0,325","0,224","0,165","1,164","2,058","2,080","0,901","2,679"
"00:03:52","0,151","0,625","0,250","0,493","0,621","0,103","0,302","0,216","0,143","1,094","2,052","2,112","0,900","2,483"
"00:03:53","0,150","0,595","0,242","0,461","0,586","0,101","0,285","0,206","0,125","1,009","2,042","2,138","0,900","2,337"
"00:03:54","0,149","0,563","0,237","0,432","0,555","0,100","0,266","0,199","0,112","0,924","2,026","2,153","0,900","2,337"
"00:03:55","0,148","0,532","0,230","0,402","0,527","0,101","0,249","0,193","0,104","0,845","2,009","2,156","0,900","2,337"
"00:03:56","0,146","0,501","0,223","0,374","0,500","0,102","0,233","0,187","0,098","0,776","1,993","2,148","0,900","2,338"
"00:03:57","0,144","0,471","0,216","0,350","0,474","0,102","0,218","0,180","0,091","0,708","1,984","2,137","0,900","2,338"
"00:03:58","0,142","0,444","0,210","0,327","0,448","0,104","0,205","0,174","0,084","0,644","2,019","2,128","0,900","2,338"
"00:03:59","0,141","0,417","0,206","0,306","0,424","0,107","0,193","0,168","0,076","0,584","2,086","2,117","0,900","2,338"
"00:04:00","0,139","0,390","0,203","0,286","0,401","0,109","0,183","0,162","0,069","0,528","2,133","2,107","0,899","2,338"
"00:04:01","0,137","0,365","0,200","0,269","0,382","0,107","0,176","0,156","0,061","0,475","2,156","2,101","0,899","2,338"
"00:04:02","0,136","0,344","0,196","0,253","0,365","0,108","0,168","0,152","0,054","0,427","2,143","2,097","0,899","2,338"
"00:04:03","0,136","0,324","0,188","0,238","0,348","0,109","0,162","0,149","0,048","0,383","2,128","2,094","0,899","2,338"
"00:04:04","0,136","0,307","0,180","0,224","0,334","0,113","0,156","0,147","0,044","0,343","2,128","2,091","0,899","2,338"
"00:04:05","0,138","0,292","0,172","0,211","0,322","0,118","0,152","0,146","0,040","0,307","2,131","2,094","0,899","2,338"
"00:04:06","0,139","0,278","0,166","0,199","0,312","0,123","0,147","0,145","0,036","0,275","2,127","2,099","0,899","2,338"
"00:04:07","0,139","0,265","0,159","0,187","0,306","0,125","0,142","0,145","0,033","0,247","2,114","2,106","0,899","2,338"
"00:04:08","0,140","0,253","0,153","0,176","0,300","0,125","0,137","0,144","0,030","0,223","2,101","2,111","0,899","2,338"
"00:04:09","0,139","0,240","0,147","0,165","0,294","0,124","0,132","0,143","0,027","0,203","2,091","2,113","0,899","2,338"
"00:04:10","0,137","0,230","0,142","0,156","0,288","0,121","0,126","0,142","0,024","0,187","2,081","2,112","0,899","2,338"
"00:04:11","0,136","0,219","0,137","0,148","0,281","0,121","0,121","0,141","0,022","0,172","2,069","2,104","0,899","2,338"
"00:04:12","0,135","0,210","0,132","0,140","0,275","0,122","0,116","0,140","0,021","0,160","2,057","2,089","0,899","2,338"
"00:04:13","0,133","0,201","0,128","0,134","0,268","0,124","0,111","0,139","0,020","0,148","2,050","2,072","0,899","2,338"
"00:04:14","0,131","0,194","0,124","0,128","0,262","0,126","0,107","0,139","0,018","0,137","2,045","2,062","0,899","2,338"
"00:04:15","0,129","0,188","0,120","0,122","0,256","0,129","0,105","0,139","0,018","0,128","2,039","2,054","0,899","2,338"
"00:04:16","0,127","0,182","0,117","0,116","0,252","0,132","0,103","0,138","0,017","0,119","2,030","2,049","0,899","2,338"
"00:04:17","0,125","0,177","0,113","0,108","0,248","0,134","0,101","0,136","0,016","0,112","2,023","2,049","0,899","2,338"
"00:04:18","0,124","0,172","0,110","0,101","0,244","0,137","0,100","0,135","0,016","0,105","2,018","2,052","0,899","2,338"
"00:04:19","0,123","0,166","0,108","0,094","0,240","0,139","0,099","0,135","0,016","0,097","2,014","2,056","0,899","2,338"
"00:04:20","0,122","0,160","0,106","0,088","0,235","0,140","0,097","0,136","0,017","0,089","2,011","2,053","0,899","2,338"
"00:04:21","0,121","0,154","0,105","0,083","0,230","0,140","0,095","0,136","0,017","0,082","2,007","2,047","0,899","2,338"
"00:04:22","0,119","0,148","0,103","0,077","0,225","0,141","0,093","0,136","0,017","0,077","1,998","2,041","0,899","2,338"
"00:04:23","0,118","0,144","0,100","0,072","0,221","0,143","0,090","0,136","0,016","0,073","1,985","2,037","0,899","2,338"
"00:04:24","0,118","0,140","0,097","0,067","0,217","0,146","0,089","0,136","0,015","0,070","1,975","2,036","0,899","2,338"
"00:04:25","0,118","0,137","0,095","0,063","0,214","0,147","0,087","0,136","0,013","0,067","1,967","2,034","0,899","2,338"
"00:04:26","0,117","0,134","0,093","0,061","0,211","0,148","0,085","0,135","0,012","0,064","1,959","2,031","0,899","2,338"
"00:04:27","0,117","0,131","0,090","0,058","0,208","0,150","0,082","0,134","0,011","0,061","1,953","2,027","0,898","2,338"
"00:04:28","0,116","0,128","0,088","0,055","0,204","0,152","0,079","0,134","0,009","0,059","1,948","2,021","0,898","2,338"
"00:04:29","0,116","0,125","0,086","0,052","0,201","0,153","0,077","0,134","0,007","0,058","1,940","2,013","0,899","2,338"
"00:04:30","0,116","0,124","0,086","0,049","0,198","0,152","0,077","0,134","0,004","0,055","1,928","2,003","0,899","2,338"
"00:04:31","0,116","0,122","0,085","0,045","0,196","0,152","0,076","0,134","0,002","0,052","1,915","1,993","0,898","2,338"
"00:04:32","0,117","0,120","0,084","0,039","0,195","0,151","0,076","0,134","0,001","0,050","1,901","1,986","0,898","2,338"
"00:04:33","0,118","0,117","0,084","0,034","0,194","0,150","0,077","0,133","0,000","0,046","1,886","1,978","0,898","2,338"
"00:04:34","0,117","0,113","0,083","0,029","0,192","0,147","0,076","0,132","0","0,042","1,871","1,968","0,898","2,338"
"00:04:35","0,117","0,110","0,082","0,024","0,189","0,143","0,075","0,132","0","0,037","1,855","1,957","0,898","2,338"
"00:04:36","0,118","0,108","0,082","0,022","0,186","0,140","0,073","0,132","0","0,033","1,841","1,951","0,898","2,338"
"00:04:37","0,118","0,106","0,081","0,020","0,183","0,136","0,070","0,131","0","0,029","1,827","1,944","0,898","2,338"
"00:04:38","0,119","0,104","0,081","0,018","0,179","0,134","0,068","0,128","0","0,026","1,816","1,937","0,898","2,338"
"00:04:39","0,120","0,103","0,081","0,017","0,177","0,134","0,067","0,126","0","0,024","1,805","1,930","0,898","2,338"
"00:04:40","0,120","0,102","0,081","0,016","0,175","0,133","0,066","0,126","0","0,021","1,792","1,924","0,898","2,338"
"00:04:41","0,120","0,100","0,081","0,016","0,173","0,131","0,065","0,127","0","0,018","1,781","1,917","0,898","2,338"
"00:04:42","0,120","0,099","0,080","0,014","0,171","0,129","0,063","0,126","0","0,013","1,770","1,909","0,898","2,338"
"00:04:43","0,121","0,098","0,081","0,011","0,168","0,126","0,062","0,125","0","0,010","1,754","1,899","0,898","2,338"
"00:04:44","0,121","0,097","0,080","0,010","0,166","0,123","0,062","0,120","0","0,007","1,738","1,885","0,898","2,338"
"00:04:45","0,121","0,096","0,079","0,009","0,164","0,122","0,061","0,116","0","0,004","1,727","1,875","0,898","2,338"
"00:04:46","0,121","0,095","0,078","0,007","0,163","0,120","0,060","0,109","0","0,000","1,720","1,868","0,898","2,338"
"00:04:47","0,120","0,094","0,077","0,005","0,162","0,120","0,059","0,102","0","0","1,714","1,861","0,898","2,338"
"00:04:48","0,118","0,092","0,074","0,003","0,162","0,121","0,058","0,096","0","0","1,709","1,854","0,898","2,338"
"00:04:49","0,117","0,091","0,072","0,002","0,162","0,123","0,058","0,096","0","0","1,706","1,849","0,898","2,338"
"00:04:50","0,117","0,091","0,070","0,000","0,163","0,125","0,057","0,096","0","0","1,704","1,843","0,898","2,338"
"00:04:51","0,117","0,090","0,070","0","0,164","0,126","0,057","0,096","0","0","1,702","1,835","0,898","2,338"
"00:04:52","0,117","0,089","0,070","0","0,164","0,125","0,057","0,097","0","0","1,700","1,827","0,898","2,338"
"00:04:53","0,117","0,088","0,071","0","0,165","0,125","0,058","0,099","0","0","1,695","1,826","0,898","2,338"
"00:04:54","0,118","0,087","0,072","0","0,165","0,126","0,058","0,100","0","0","1,690","1,832","0,898","2,338"
"00:04:55","0,119","0,086","0,073","0","0,165","0,128","0,058","0,102","0","0","1,681","1,837","0,898","2,338"
"00:04:56","0,120","0,085","0,072","0","0,166","0,128","0,057","0,103","0","0","1,674","1,850","0,898","2,338"
"00:04:57","0,121","0,084","0,071","0","0,167","0,127","0,056","0,104","0","0","1,677","1,860","0,898","2,338"
"00:04:58","0,121","0,083","0,069","0","0,167","0,125","0,054","0,105","0","0","1,687","1,861","0,898","2,338"
"00:04:59","0,122","0,082","0,066","0","0,166","0,125","0,053","0,107","0","0","1,696","1,855","0,898","2,338"
"00:05:00","0,122","0,082","0,065","0","0,165","0,126","0,053","0,109","0","0","1,705","1,848","0,898","2,338"
"00:05:01","0,122","0,082","0,065","0","0,164","0,127","0,052","0,111","0","0","1,710","1,843","0,898","2,338"
"00:05:02","0,122","0,080","0,065","0","0,163","0,128","0,052","0,112","0","0","1,708","1,840","0,898","2,326"
"00:05:03","0,123","0,081","0,067","0","0,165","0,133","0,053","0,111","0","0","1,702","1,839","0,898","2,016"
"00:05:04","0,123","0,083","0,071","0","0,169","0,141","0,053","0,112","0","0","1,697","1,835","0,898","2,000"
"00:05:05","0,123","0,084","0,074","0,070","0,173","0,153","0,053","0,116","0","0","1,691","1,831","0,898","2,087"
"00:05:06","0,123","0,084","0,077","0,695","0,179","0,161","0,805","0,121","0,003","0","1,684","1,828","0,899","2,441"
"00:05:07","0,125","0,086","0,080","0,826","0,183","0,167","1,241","0,125","0,006","0","1,679","1,823","0,899","2,679"
"00:05:08","0,124","0,105","0,083","0,827","0,187","0,169","1,285","0,129","0,070","0","1,677","1,819","0,899","2,679"
"00:05:09","0,122","0,147","0,088","0,792","0,193","0,166","1,228","0,135","0,158","0,316","1,675","1,816","0,899","2,679"
"00:05:10","0,120","0,176","0,100","0,732","0,389","0,161","1,143","0,142","0,230","1,145","1,678","1,810","0,900","2,479"
"00:05:11","0,119","0,188","0,113","0,665","0,682","0,160","1,048","0,195","0,267","1,351","1,688","1,800","0,900","2,125"
"00:05:12","0,119","0,192","0,123","0,598","0,756","0,163","0,952","0,291","0,274","1,363","1,697","1,793","0,900","2,000"
"00:05:13","0,119","0,187","0,131","0,534","0,755","0,169","0,864","0,333","0,277","1,373","1,697","1,790","0,900","2,000"
"00:05:14","0,118","0,243","0,139","1,163","0,729","0,175","0,784","0,345","0,663","1,435","1,695","1,794","0,901","2,000"
"00:05:15","0,118","0,777","0,164","1,856","0,691","0,180","0,871","0,338","1,000","1,437","1,698","1,805","0,902","2,258"
"00:05:16","0,119","1,212","0,267","1,955","0,651","0,185","1,189","0,325","1,070","1,379","1,714","1,823","0,902","2,610"
"00:05:17","0,120","1,261","0,351","1,919","0,612","0,190","1,304","0,309","1,051","1,299","1,715","1,843","0,902","2,679"
"00:05:18","0,129","1,268","0,378","1,843","0,580","0,189","1,277","0,295","1,020","1,291","1,717","1,855","0,902","2,679"
"00:05:19","0,185","1,254","0,396","1,754","0,598","0,185","1,219","0,290","0,992","1,484","1,721","1,858","0,902","2,643"
"00:05:20","0,234","1,202","0,400","1,650","1,389","0,182","1,139","0,475","0,950","1,557","1,725","1,863","0,902","2,297"
"00:05:21","0,254","1,137","0,402","1,542","1,548","0,182","1,046","0,847","0,892","1,512","1,731","1,875","0,903","2,000"
"00:05:22","0,256","1,062","0,413","1,431","1,535","0,186","0,954","0,969","0,828","1,434","1,736","1,898","0,902","2,000"
"00:05:23","0,250","0,983","0,458","1,350","1,482","0,191","0,871","0,972","0,764","1,369","1,742","1,929","0,902","2,000"
"00:05:24","0,241","0,941","0,498","1,745","1,414","0,196","0,796","0,933","0,705","1,311","1,746","1,970","0,902","2,085"
"00:05:25","0,230","1,345","0,544","1,977","1,333","0,200","1,022","0,876","0,649","1,233","1,759","1,987","0,903","2,439"
"00:05:26","0,221","1,416","0,573","1,956","1,248","0,203","1,332","0,811","0,625","1,146","1,782","1,984","0,903","2,679"
"00:05:27","0,216","1,422","0,570","1,885","1,166","0,200","1,384","0,750","0,711","1,062","1,827","1,975","0,903","2,679"
"00:05:28","0,303","1,423","0,641","1,803","1,091","0,196","1,342","0,697","0,867","0,989","1,880","1,970","0,903","2,679"
"00:05:29","0,487","1,403","0,739","1,708","1,112","0,188","1,273","0,651","0,961","0,951","1,924","1,965","0,903","2,473"
"00:05:30","0,561","1,352","0,776","1,603","1,156","0,187","1,181","0,710","0,961","0,921","1,952","1,959","0,903","2,120"
"00:05:31","0,565","1,283","0,761","1,495","1,125","0,193","1,085","0,761","0,924","0,872","1,973","1,957","0,903","2,000"
"00:05:32","0,551","1,201","0,725","1,400","1,070","0,202","0,994","0,750","0,870","0,841","1,985","1,969","0,902","2,000"
"00:05:33","0,528","1,116","0,682","1,583","1,013","0,208","0,911","0,717","0,813","0,822","1,979","1,995","0,902","2,000"
"00:05:34","0,499","1,432","0,642","1,871","0,957","0,212","0,854","0,680","0,762","0,791","1,963","2,018","0,903","2,127"
"00:05:35","0,466","1,844","0,698","1,895","0,902","0,216","0,995","0,639","0,712","0,752","1,948","2,031","0,903","2,129"
"00:05:36","0,473","2,052","0,784","1,903","0,954","0,220","1,039","0,598","0,662","0,708","1,939","2,035","0,903","2,021"
"00:05:37","0,771","2,124","1,261","1,874","0,974","0,224","0,992","0,565","0,613","0,659","1,932","2,036","0,903","2,000"
"00:05:38","0,926","2,100","1,549","1,815","0,966","0,228","0,924","0,541","0,567","0,614","1,932","2,036","0,903","2,062"
"00:05:39","0,947","2,065","1,639","1,745","0,963","0,231","0,900","0,514","0,529","0,572","1,941","2,034","0,903","2,129"
"00:05:40","0,922","2,046","1,636","1,928","0,928","0,233","1,083","0,487","0,496","0,530","1,999","2,031","0,903","2,106"
"00:05:41","0,888","2,053","1,739","1,975","1,085","0,235","1,093","0,477","0,471","0,489","2,075","2,029","0,903","2,000"
"00:05:42","0,840","2,008","1,892","1,924","1,340","0,236","1,036","0,564","0,478","0,455","2,142","2,027","0,904","2,000"
"00:05:43","0,790","1,930","1,936","1,908","1,425","0,238","0,964","0,612","0,475","0,425","2,169","2,026","0,904","2,129"
"00:05:44","0,737","1,858","1,901","2,132","1,431","0,240","0,963","0,610","0,463","0,397","2,177","2,023","0,904","2,129"
"00:05:45","0,685","1,807","1,843","2,234","1,612","0,242","0,935","0,590","0,470","0,369","2,179","2,025","0,904","2,001"
"00:05:46","0,637","1,728","1,831","2,201","1,885","0,244","0,872","0,738","0,472","0,345","2,178","2,037","0,904","2,000"
"00:05:47","0,594","1,637","1,797","2,139","1,974","0,247","0,805","0,937","0,456","0,327","2,178","2,053","0,904","2,096"
"00:05:48","0,553","1,540","1,721","2,109","1,968","0,249","1,294","0,968","0,431","0,311","2,177","2,069","0,904","2,128"
"00:05:49","0,516","1,453","1,634","2,177","1,918","0,251","1,726","0,941","0,403","0,294","2,174","2,076","0,904","2,073"
"00:05:50","0,483","1,371","1,661","2,184","1,926","0,252","1,751","0,912","0,376","0,278","2,169","2,074","0,904","2,000"
"00:05:51","0,452","1,300","1,750","2,133","2,008","0,252","1,690","0,875","0,348","0,265","2,163","2,069","0,904","2,010"
"00:05:52","0,426","1,239","1,778","2,066","2,018","0,253","1,616","0,825","0,323","0,252","2,156","2,063","0,904","2,321"
"00:05:53","0,403","1,179","1,738","1,980","1,955","0,253","1,595","0,769","0,322","0,240","2,150","2,057","0,904","2,339"
"00:05:54","0,381","1,120","1,663","1,916","1,875","0,253","1,596","0,717","0,388","0,228","2,142","2,052","0,903","2,339"
"00:05:55","0,362","1,063","1,576","1,860","1,785","0,252","1,520","0,671","0,451","0,218","2,132","2,053","0,903","2,338"
"00:05:56","0,345","1,009","1,485","1,775","1,686","0,251","1,430","0,624","0,475","0,208","2,118","2,058","0,903","2,338"
"00:05:57","0,331","0,967","1,394","1,676","1,587","0,251","1,339","0,580","0,469","0,198","2,105","2,069","0,903","2,338"
"00:05:58","0,318","0,920","1,305","1,575","1,490","0,252","1,252","0,541","0,447","0,189","2,096","2,085","0,903","2,338"
"00:05:59","0,305","0,871","1,218","1,475","1,398","0,252","1,167","0,506","0,417","0,176","2,090","2,093","0,902","2,338"
"00:06:00","0,293","0,820","1,137","1,379","1,311","0,251","1,086","0,474","0,386","0,163","2,081","2,104","0,902","2,338"
"00:06:01","0,282","0,772","1,060","1,286","1,229","0,252","1,008","0,445","0,355","0,151","2,073","2,121","0,902","2,338"
"00:06:02","0,272","0,727","0,990","1,200","1,156","0,253","0,934","0,419","0,328","0,139","2,066","2,125","0,902","2,338"
"00:06:03","0,264","0,686","0,926","1,121","1,088","0,252","0,866","0,397","0,302","0,129","2,061","2,122","0,901","2,338"
"00:06:04","0,255","0,648","0,868","1,046","1,026","0,252","0,802","0,377","0,280","0,118","2,055","2,118","0,901","2,338"
"00:06:05","0,248","0,613","0,814","0,978","0,970","0,251","0,744","0,359","0,261","0,107","2,049","2,110","0,901","2,338"
"00:06:06","0,241","0,580","0,764","0,914","0,918","0,252","0,692","0,343","0,244","0,098","2,043","2,097","0,901","2,338"
"00:06:07","0,235","0,551","0,718","0,855","0,872","0,253","0,645","0,329","0,227","0,090","2,036","2,081","0,901","2,338"
"00:06:08","0,229","0,525","0,677","0,802","0,829","0,253","0,603","0,317","0,212","0,081","2,029","2,069","0,900","2,338"
"00:06:09","0,224","0,499","0,639","0,752","0,790","0,253","0,566","0,307","0,199","0,075","2,023","2,064","0,900","2,338"
"00:06:10","0,220","0,475","0,604","0,707","0,752","0,253","0,531","0,297","0,187","0,069","2,018","2,054","0,900","2,338"
"00:06:11","0,215","0,454","0,573","0,665","0,715","0,254","0,499","0,289","0,177","0,065","2,013","2,033","0,900","2,338"
"00:06:12","0,212","0,434","0,545","0,628","0,680","0,254","0,471","0,281","0,168","0,062","2,009","2,021","0,900","2,338"
"00:06:13","0,209","0,415","0,517","0,592","0,649","0,253","0,445","0,274","0,160","0,058","2,005","2,016","0,900","2,338"
"00:06:14","0,205","0,398","0,491","0,559","0,620","0,252","0,422","0,267","0,154","0,053","1,999","2,013","0,900","2,338"
"00:06:15","0,202","0,383","0,468","0,530","0,594","0,250","0,401","0,261","0,148","0,047","1,992","2,015","0,900","2,338"
"00:06:16","0,200","0,368","0,445","0,501","0,572","0,248","0,383","0,256","0,142","0,041","1,983","2,019","0,900","2,338"
"00:06:17","0,197","0,353","0,425","0,474","0,550","0,247","0,365","0,251","0,137","0,036","1,975","2,019","0,899","2,338"
"00:06:18","0,194","0,340","0,407","0,450","0,529","0,247","0,349","0,247","0,132","0,032","1,970","2,011","0,899","2,338"
"00:06:19","0,191","0,327","0,391","0,427","0,510","0,249","0,333","0,243","0,127","0,029","1,973","2,001","0,900","2,338"
"00:06:20","0,189","0,316","0,375","0,406","0,491","0,251","0,319","0,239","0,122","0,027","1,979","1,994","0,899","2,338"
"00:06:21","0,188","0,306","0,361","0,386","0,473","0,252","0,304","0,234","0,117","0,025","1,987","1,991","0,899","2,338"
"00:06:22","0,186","0,297","0,349","0,367","0,457","0,254","0,290","0,229","0,113","0,023","1,994","1,992","0,899","2,338"
"00:06:23","0,185","0,288","0,337","0,350","0,442","0,254","0,277","0,225","0,110","0,020","1,997","1,995","0,899","2,338"
"00:06:24","0,183","0,279","0,325","0,332","0,427","0,254","0,265","0,221","0,107","0,018","1,998","1,999","0,899","2,338"
"00:06:25","0,182","0,270","0,314","0,316","0,412","0,256","0,253","0,217","0,104","0,014","1,999","2,008","0,899","2,338"
"00:06:26","0,181","0,262","0,304","0,301","0,399","0,257","0,243","0,212","0,102","0,011","1,999","2,043","0,899","2,338"
"00:06:27","0,180","0,253","0,295","0,288","0,388","0,257","0,233","0,207","0,099","0,008","1,998","2,083","0,899","2,338"
"00:06:28","0,179","0,245","0,287","0,274","0,377","0,256","0,224","0,202","0,097","0,006","1,995","2,103","0,899","2,338"
"00:06:29","0,178","0,238","0,278","0,262","0,367","0,254","0,215","0,198","0,094","0,003","1,992","2,105","0,899","2,338"
"00:06:30","0,177","0,232","0,267","0,250","0,357","0,251","0,207","0,195","0,092","0,001","1,989","2,094","0,899","2,338"
"00:06:31","0,176","0,227","0,259","0,238","0,346","0,248","0,199","0,193","0,090","0,000","1,985","2,071","0,899","2,338"
"00:06:32","0,175","0,223","0,252","0,227","0,336","0,248","0,192","0,191","0,089","0","1,982","2,047","0,899","2,338"
"00:06:33","0,174","0,218","0,245","0,218","0,326","0,249","0,185","0,189","0,088","0","1,979","2,023","0,899","2,338"
"00:06:34","0,173","0,214","0,235","0,209","0,318","0,250","0,180","0,186","0,087","0","1,977","2,001","0,899","2,338"
"00:06:35","0,172","0,209","0,225","0,201","0,311","0,249","0,175","0,183","0,087","0","1,975","1,983","0,899","2,338"
"00:06:36","0,172","0,204","0,214","0,193","0,305","0,245","0,170","0,181","0,087","0","1,973","1,968","0,899","2,338"
"00:06:37","0,171","0,200","0,204","0,186","0,299","0,242","0,166","0,179","0,087","0","1,968","1,956","0,899","2,338"
"00:06:38","0,170","0,195","0,195","0,179","0,291","0,238","0,163","0,177","0,086","0","1,961","1,945","0,899","2,338"
"00:06:39","0,169","0,191","0,185","0,172","0,283","0,235","0,159","0,177","0,086","0","1,952","1,938","0,899","2,338"
"00:06:40","0,169","0,188","0,180","0,165","0,276","0,231","0,156","0,176","0,086","0","1,944","1,935","0,899","2,338"
"00:06:41","0,168","0,184","0,177","0,159","0,269","0,223","0,152","0,175","0,086","0","1,935","1,931","0,899","2,338"
"00:06:42","0,168","0,180","0,174","0,152","0,265","0,214","0,148","0,174","0,085","0","1,928","1,928","0,899","2,338"
"00:06:43","0,168","0,177","0,172","0,145","0,261","0,208","0,145","0,173","0,085","0","1,921","1,927","0,899","2,338"
"00:06:44","0,168","0,172","0,170","0,138","0,258","0,202","0,142","0,172","0,085","0","1,915","1,928","0,899","2,338"
"00:06:45","0,168","0,166","0,168","0,133","0,255","0,196","0,138","0,171","0,085","0","1,912","1,930","0,899","2,338"
"00:06:46","0,167","0,159","0,166","0,128","0,252","0,192","0,135","0,170","0,084","0","1,909","1,930","0,899","2,338"
"00:06:47","0,166","0,153","0,163","0,123","0,249","0,187","0,132","0,170","0,083","0","1,908","1,930","0,899","2,338"
"00:06:48","0,166","0,150","0,161","0,119","0,247","0,183","0,128","0,170","0,082","0","1,907","1,930","0,899","2,338"
"00:06:49","0,165","0,147","0,158","0,114","0,243","0,179","0,124","0,171","0,082","0","1,908","1,932","0,898","2,338"
"00:06:50","0,165","0,145","0,156","0,110","0,241","0,175","0,121","0,172","0,082","0","1,910","1,931","0,899","2,338"
"00:06:51","0,164","0,143","0,152","0,106","0,239","0,172","0,119","0,173","0,081","0","1,913","1,928","0,899","2,338"
"00:06:52","0,164","0,141","0,150","0,101","0,238","0,170","0,117","0,174","0,081","0","1,914","1,928","0,898","2,338"
"00:06:53","0,164","0,139","0,148","0,097","0,237","0,170","0,116","0,175","0,081","0","1,915","1,928","0,899","2,338"
"00:06:54","0,163","0,137","0,147","0,094","0,235","0,171","0,115","0,176","0,081","0","1,913","1,929","0,899","2,338"
"00:06:55","0,163","0,135","0,145","0,090","0,232","0,172","0,114","0,177","0,080","0","1,900","1,930","0,898","2,338"
"00:06:56","0,163","0,134","0,143","0,086","0,230","0,172","0,111","0,178","0,080","0","1,883","1,928","0,899","2,338"
"00:06:57","0,163","0,132","0,141","0,082","0,228","0,174","0,110","0,177","0,080","0","1,870","1,927","0,899","2,338"
"00:06:58","0,163","0,130","0,138","0,077","0,227","0,175","0,110","0,176","0,081","0","1,862","1,927","0,898","2,338"
"00:06:59","0,162","0,128","0,134","0,073","0,226","0,175","0,109","0,176","0,081","0","1,855","1,926","0,898","2,338"
"00:07:00","0,162","0,126","0,131","0,069","0,223","0,176","0,108","0,176","0,081","0","1,845","1,923","0,899","2,338"
"00:07:01","0,162","0,124","0,128","0,066","0,218","0,178","0,107","0,176","0,081","0","1,833","1,915","0,899","2,338"
"00:07:02","0,161","0,122","0,127","0,064","0,213","0,179","0,105","0,175","0,080","0","1,822","1,911","0,898","2,338"
"00:07:03","0,161","0,120","0,126","0,060","0,208","0,182","0,102","0,174","0,079","0","1,811","1,905","0,898","2,338"
"00:07:04","0,161","0,119","0,125","0,057","0,202","0,185","0,100","0,173","0,078","0","1,801","1,897","0,899","2,338"
"00:07:05","0,161","0,117","0,124","0,054","0,197","0,189","0,098","0,172","0,077","0","1,793","1,887","0,898","2,338"
"00:07:06","0,161","0,115","0,122","0,051","0,192","0,192","0,097","0,171","0,075","0","1,786","1,881","0,898","2,338"
"00:07:07","0,161","0,113","0,120","0,048","0,189","0,194","0,095","0,170","0,073","0","1,783","1,876","0,898","2,338"
"00:07:08","0,161","0,111","0,118","0,045","0,185","0,196","0,094","0,170","0,072","0","1,782","1,869","0,898","2,338"
"00:07:09","0,160","0,110","0,115","0,040","0,182","0,196","0,092","0,169","0,070","0","1,783","1,863","0,898","2,338"
"00:07:10","0,160","0,109","0,113","0,037","0,180","0,196","0,090","0,166","0,068","0","1,785","1,862","0,898","2,338"
"00:07:11","0,160","0,107","0,111","0,033","0,179","0,194","0,089","0,165","0,066","0","1,785","1,864","0,898","2,338"
"00:07:12","0,159","0,106","0,108","0,029","0,178","0,191","0,088","0,166","0,064","0","1,786","1,864","0,898","2,338"
"00:07:13","0,159","0,105","0,107","0,027","0,177","0,191","0,088","0,165","0,063","0","1,785","1,861","0,898","2,338"
"00:07:14","0,158","0,105","0,106","0,023","0,176","0,189","0,087","0,164","0,062","0","1,784","1,859","0,898","2,338"
"00:07:15","0,158","0,104","0,104","0,019","0,175","0,186","0,086","0,163","0,061","0","1,783","1,858","0,898","2,338"
"00:07:16","0,157","0,103","0,102","0,016","0,174","0,181","0,084","0,161","0,058","0","1,781","1,860","0,898","2,338"
"00:07:17","0,157","0,101","0,097","0,012","0,171","0,182","0,082","0,161","0,055","0","1,778","1,865","0,898","2,338"
"00:07:18","0,157","0,099","0,093","0,011","0,168","0,185","0,081","0,160","0,053","0","1,775","1,870","0,898","2,338"
"00:07:19","0,156","0,098","0,086","0,011","0,164","0,188","0,079","0,159","0,050","0","1,775","1,872","0,898","2,338"
"00:07:20","0,155","0,098","0,081","0,011","0,160","0,190","0,077","0,157","0,047","0","1,776","1,873","0,898","2,338"
"00:07:21","0,155","0,098","0,079","0,010","0,156","0,195","0,075","0,156","0,045","0","1,777","1,875","0,898","2,338"
"00:07:22","0,155","0,098","0,078","0,010","0,152","0,202","0,074","0,155","0,043","0","1,778","1,874","0,898","2,338"
"00:07:23","0,154","0,097","0,079","0,010","0,150","0,208","0,072","0,154","0,042","0","1,780","1,868","0,898","2,338"
"00:07:24","0,154","0,097","0,079","0,009","0,147","0,211","0,071","0,154","0,042","0","1,783","1,871","0,898","2,338"
"00:07:25","0,154","0,096","0,080","0,009","0,146","0,215","0,069","0,153","0,042","0","1,785","1,903","0,898","2,338"
"00:07:26","0,153","0,095","0,082","0,009","0,145","0,220","0,068","0,153","0,043","0","1,784","1,934","0,898","2,338"
"00:07:27","0,153","0,095","0,085","0,009","0,144","0,225","0,067","0,152","0,043","0","1,781","1,938","0,898","2,338"
"00:07:28","0,153","0,094","0,086","0,008","0,143","0,227","0,067","0,151","0,043","0","1,781","1,928","0,898","2,338"
"00:07:29","0,152","0,092","0,088","0,006","0,143","0,227","0,066","0,150","0,043","0","1,782","1,917","0,898","2,338"
"00:07:30","0,152","0,091","0,088","0,004","0,142","0,226","0,066","0,149","0,041","0","1,782","1,908","0,898","2,338"
"00:07:31","0,151","0,090","0,087","0,002","0,143","0,227","0,065","0,149","0,039","0","1,778","1,898","0,898","2,338"
"00:07:32","0,149","0,090","0,085","0,002","0,144","0,229","0,065","0,148","0,038","0","1,776","1,884","0,898","2,355"
"00:07:33","0,148","0,088","0,082","0,001","0,146","0,227","0,064","0,148","0,038","0","1,779","1,870","0,898","2,409"
"00:07:34","0,148","0,086","0,080","0","0,146","0,223","0,064","0,149","0,037","0","1,785","1,860","0,898","2,390"
"00:07:35","0,148","0,086","0,079","0","0,148","0,219","0,064","0,149","0,033","0","1,791","1,846","0,898","2,268"
"00:07:36","0,147","0,087","0,081","0","0,150","0,217","0,063","0,148","0,031","0","1,796","1,830","0,898","2,268"
"00:07:37","0,148","0,088","0,083","0","0,152","0,214","0,062","0,148","0,031","0","1,798","1,813","0,898","2,338"
"00:07:38","0,148","0,088","0,084","0","0,153","0,213","0,061","0,148","0,033","0","1,797","1,807","0,898","2,338"
"00:07:39","0,148","0,087","0,085","0","0,154","0,212","0,060","0,149","0,035","0","1,796","1,814","0,898","2,338"
"00:07:40","0,148","0,087","0,085","0","0,154","0,211","0,059","0,149","0,035","0","1,794","1,830","0,898","2,338"
"00:07:41","0,148","0,086","0,084","0","0,155","0,212","0,058","0,149","0,035","0","1,794","1,843","0,898","2,338"
"00:07:42","0,148","0,085","0,083","0","0,155","0,215","0,056","0,149","0,034","0","1,795","1,852","0,898","2,338"
"00:07:43","0,148","0,085","0,083","0","0,155","0,217","0,055","0,149","0,032","0","1,794","1,858","0,898","2,338"
"00:07:44","0,148","0,084","0,083","0","0,155","0,219","0,053","0,147","0,031","0","1,790","1,861","0,898","2,338"
"00:07:45","0,148","0,085","0,084","0","0,154","0,222","0,052","0,146","0,030","0","1,782","1,862","0,898","2,338"
"00:07:46","0,148","0,085","0,083","0","0,153","0,222","0,052","0,144","0,030","0","1,774","1,865","0,898","2,338"
"00:07:47","0,149","0,085","0,083","0","0,152","0,219","0,051","0,141","0,029","0","1,764","1,866","0,898","2,338"
"00:07:48","0,149","0,085","0,083","0","0,151","0,215","0,050","0,138","0,029","0","1,755","1,863","0,898","2,338"
"00:07:49","0,150","0,084","0,082","0","0,151","0,213","0,048","0,131","0,029","0","1,748","1,856","0,898","2,338"
"00:07:50","0,150","0,083","0,081","0","0,151","0,213","0,046","0,125","0,030","0","1,736","1,849","0,898","2,338"
"00:07:51","0,150","0,082","0,082","0","0,152","0,215","0,044","0,123","0,031","0","1,719","1,844","0,898","2,338"
"00:07:52","0,151","0,081","0,083","0","0,153","0,219","0,042","0,123","0,033","0","1,704","1,838","0,898","2,338"
"00:07:53","0,151","0,080","0,083","0","0,155","0,222","0,042","0,124","0,033","0","1,694","1,828","0,898","2,338"
"00:07:54","0,151","0,080","0,084","0","0,157","0,226","0,041","0,125","0,034","0","1,689","1,817","0,898","2,338"
"00:07:55","0,151","0,080","0,086","0","0,158","0,230","0,040","0,125","0,035","0","1,686","1,804","0,898","2,338"
"00:07:56","0,151","0,079","0,087","0","0,158","0,232","0,039","0,126","0,036","0","1,684","1,787","0,898","2,338"
"00:07:57","0,151","0,078","0,088","0","0,155","0,234","0,038","0,126","0,035","0","1,682","1,766","0,898","2,338"
"00:07:58","0,151","0,078","0,088","0","0,154","0,235","0,037","0,125","0,035","0","1,679","1,748","0,898","2,338"
"00:07:59","0,151","0,078","0,088","0","0,154","0,233","0,036","0,123","0,036","0","1,675","1,730","0,898","2,338"
"00:08:00","0,151","0,078","0,087","0","0,154","0,229","0,036","0,121","0,036","0","1,666","1,714","0,898","2,338"
"00:08:01","0,151","0,077","0,085","0","0,154","0,223","0,035","0,119","0,036","0","1,652","1,699","0,898","2,338"
"00:08:02","0,151","0,076","0,083","0","0,154","0,218","0,035","0,118","0,036","0","1,636","1,680","0,898","2,338"
"00:08:03","0,151","0,074","0,082","0","0,154","0,217","0,035","0,116","0,037","0","1,621","1,652","0,898","2,338"
"00:08:04","0,151","0,073","0,079","0","0,154","0,218","0,033","0,116","0,037","0","1,607","1,621","0,898","2,338"
"00:08:05","0,151","0,073","0,075","0","0,152","0,220","0,031","0,117","0,038","0","1,595","1,594","0,898","2,338"
"00:08:06","0,151","0,072","0,073","0","0,149","0,223","0,029","0,116","0,039","0","1,582","1,571","0,898","2,338"
"00:08:07","0,151","0,072","0,070","0","0,146","0,225","0,027","0,116","0,039","0","1,562","1,549","0,897","2,338"
"00:08:08","0,151","0,072","0,069","0","0,145","0,227","0,026","0,116","0,040","0","1,542","1,521","0,898","2,338"
"00:08:09","0,151","0,072","0,069","0","0,143","0,229","0,025","0,115","0,040","0","1,520","1,489","0,898","2,338"
"00:08:10","0,150","0,072","0,069","0","0,141","0,232","0,025","0,114","0,040","0","1,497","1,457","0,898","2,338"
"00:08:11","0,150","0,072","0,068","0","0,138","0,234","0,025","0,113","0,041","0","1,473","1,426","0,897","2,338"
"00:08:12","0,149","0,072","0,069","0","0,136","0,237","0,024","0,112","0,042","0","1,449","1,396","0,897","2,338"
"00:08:13","0,148","0,072","0,068","0","0,135","0,240","0,023","0,110","0,041","0","1,425","1,366","0,897","2,338"
"00:08:14","0,148","0,072","0,066","0","0,133","0,241","0,022","0,106","0,041","0","1,402","1,339","0,897","2,338"
"00:08:15","0,148","0,071","0,064","0","0,133","0,243","0,022","0,102","0,041","0","1,376","1,313","0,897","2,338"
"00:08:16","0,148","0,071","0,064","0","0,132","0,244","0,022","0,100","0,043","0","1,348","1,283","0,897","2,338"
"00:08:17","0,148","0,071","0,064","0","0,130","0,246","0,022","0,099","0,046","0","1,323","1,254","0,897","2,338"
"00:08:18","0,149","0,071","0,062","0","0,129","0,247","0,022","0,098","0,048","0","1,303","1,229","0,897","2,338"
"00:08:19","0,149","0,071","0,061","0","0,130","0,248","0,022","0,098","0,051","0","1,284","1,209","0,897","2,338"
"00:08:20","0,149","0,072","0,061","0","0,131","0,248","0,022","0,100","0,053","0","1,256","1,193","0,898","2,338"
"00:08:21","0,149","0,071","0,061","0","0,132","0,249","0,022","0,100","0,053","0","1,225","1,179","0,897","2,338"
"00:08:22","0,149","0,071","0,061","0","0,133","0,251","0,021","0,099","0,053","0","1,187","1,164","0,897","2,338"
"00:08:23","0,149","0,072","0,062","0","0,134","0,253","0,020","0,100","0,052","0","1,154","1,148","0,897","2,338"
"00:08:24","0,149","0,072","0,062","0","0,137","0,254","0,019","0,099","0,052","0","1,134","1,132","0,897","2,338"
"00:08:25","0,149","0,072","0,063","0","0,141","0,256","0,019","0,096","0,052","0","1,121","1,114","0,897","2,338"
"00:08:26","0,149","0,072","0,065","0","0,146","0,258","0,018","0,094","0,053","0","1,111","1,087","0,897","2,338"
"00:08:27","0,150","0,072","0,067","0","0,149","0,261","0,018","0,094","0,055","0","1,100","1,060","0,897","2,338"
"00:08:28","0,150","0,072","0,068","0","0,153","0,264","0,017","0,094","0,057","0","1,089","1,036","0,897","2,338"
"00:08:29","0,150","0,072","0,070","0","0,160","0,266","0,017","0,094","0,059","0","1,081","1,018","0,897","2,338"
"00:08:30","0,151","0,072","0,072","0","0,165","0,268","0,018","0,092","0,061","0","1,076","1,000","0,897","2,338"
"00:08:31","0,151","0,071","0,073","0","0,170","0,269","0,019","0,089","0,062","0","1,074","0,980","0,897","2,338"
"00:08:32","0,151","0,071","0,075","0","0,172","0,271","0,020","0,085","0,063","0","1,074","0,961","0,897","2,338"
"00:08:33","0,151","0,071","0,076","0","0,172","0,272","0,021","0,082","0,064","0","1,073","0,944","0,897","2,338"
"00:08:34","0,152","0,071","0,078","0","0,173","0,274","0,022","0,079","0,066","0","1,070","0,928","0,897","2,338"
"00:08:35","0,153","0,072","0,080","0","0,176","0,274","0,022","0,078","0,067","0","1,060","0,911","0,897","2,338"
"00:08:36","0,153","0,072","0,084","0","0,179","0,276","0,023","0,080","0,068","0","1,046","0,893","0,897","2,338"
"00:08:37","0,153","0,073","0,088","0","0,181","0,277","0,023","0,083","0,068","0","1,030","0,874","0,897","2,338"
"00:08:38","0,152","0,073","0,090","0","0,184","0,278","0,024","0,086","0,069","0","1,011","0,854","0,897","2,338"
"00:08:39","0,151","0,074","0,091","0","0,186","0,279","0,025","0,087","0,070","0","0,985","0,835","0,897","2,338"
"00:08:40","0,150","0,075","0,090","0","0,188","0,280","0,025","0,089","0,069","0","0,954","0,820","0,897","2,338"
"00:08:41","0,149","0,077","0,089","0","0,191","0,281","0,023","0,091","0,068","0","0,921","0,806","0,897","2,338"
"00:08:42","0,148","0,078","0,089","0","0,192","0,282","0,021","0,093","0,068","0,002","0,891","0,792","0,897","2,338"
"00:08:43","0,148","0,080","0,089","0","0,193","0,283","0,020","0,096","0,068","0,006","0,865","0,777","0,897","2,338"
"00:08:44","0,148","0,080","0,088","0","0,194","0,284","0,020","0,099","0,069","0,010","0,845","0,763","0,897","2,338"
"00:08:45","0,147","0,080","0,087","0","0,195","0,284","0,021","0,102","0,069","0,014","0,830","0,748","0,897","2,338"
"00:08:46","0,147","0,080","0,088","0","0,196","0,284","0,022","0,105","0,069","0,015","0,821","0,734","0,896","2,338"
"00:08:47","0,147","0,079","0,089","0","0,194","0,285","0,020","0,107","0,069","0,017","0,816","0,721","0,897","2,338"
"00:08:48","0,146","0,078","0,088","0","0,194","0,285","0,018","0,108","0,069","0,018","0,815","0,706","0,896","2,338"
"00:08:49","0,146","0,077","0,087","0","0,191","0,285","0,018","0,109","0,068","0,018","0,814","0,692","0,897","2,338"
"00:08:50","0,146","0,076","0,086","0","0,193","0,286","0,018","0,111","0,066","0,017","0,814","0,680","0,897","2,338"
"00:08:51","0,145","0,075","0,085","0","0,196","0,286","0,019","0,112","0,064","0,018","0,813","0,668","0,897","2,338"
"00:08:52","0,143","0,074","0,085","0","0,198","0,286","0,020","0,112","0,062","0,017","0,810","0,655","0,897","2,338"
"00:08:53","0,142","0,073","0,085","0","0,200","0,286","0,022","0,112","0,060","0,016","0,805","0,642","0,896","2,338"
"00:08:54","0,141","0,072","0,085","0","0,200","0,284","0,023","0,111","0,058","0,016","0,797","0,630","0,897","2,338"
"00:08:55","0,141","0,071","0,085","0","0,201","0,284","0,024","0,111","0,058","0,017","0,784","0,618","0,896","2,338"
"00:08:56","0,141","0,070","0,084","0","0,203","0,284","0,025","0,111","0,058","0,019","0,766","0,606","0,896","2,338"
"00:08:57","0,141","0,070","0,084","0","0,204","0,283","0,025","0,113","0,059","0,022","0,746","0,593","0,897","2,338"
"00:08:58","0,141","0,069","0,084","0","0,206","0,283","0,026","0,112","0,059","0,022","0,728","0,580","0,897","2,339"
"00:08:59","0,141","0,069","0,084","0","0,208","0,283","0,026","0,112","0,059","0,022","0,712","0,569","0,896","2,338"
"00:09:00","0,141","0,068","0,084","0","0,209","0,282","0,026","0,114","0,059","0,022","0,699","0,558","0,897","2,338"
"00:09:01","0,141","0,067","0,085","0","0,210","0,282","0,026","0,118","0,060","0,022","0,688","0,547","0,896","2,338"
"00:09:02","0,141","0,066","0,086","0","0,211","0,282","0,027","0,123","0,062","0,022","0,679","0,539","0,896","2,338"
"00:09:03","0,141","0,066","0,087","0","0,213","0,282","0,027","0,126","0,062","0,022","0,671","0,531","0,896","2,338"
"00:09:04","0,140","0,066","0,088","0","0,215","0,282","0,027","0,128","0,064","0,022","0,666","0,524","0,896","2,338"
"00:09:05","0,141","0,066","0,090","0","0,217","0,283","0,027","0,128","0,065","0,023","0,662","0,516","0,896","2,338"
"00:09:06","0,142","0,066","0,092","0","0,218","0,283","0,027","0,128","0,066","0,024","0,657","0,508","0,896","2,339"
"00:09:07","0,143","0,067","0,092","0","0,219","0,284","0,027","0,127","0,066","0,024","0,652","0,499","0,896","2,338"
"00:09:08","0,143","0,067","0,092","0","0,219","0,284","0,027","0,126","0,067","0,023","0,647","0,491","0,896","2,338"
"00:09:09","0,143","0,066","0,092","0","0,218","0,284","0,027","0,125","0,068","0,019","0,642","0,482","0,896","2,338"
"00:09:10","0,141","0,065","0,091","0","0,216","0,284","0,027","0,126","0,069","0,015","0,638","0,475","0,896","2,338"
"00:09:11","0,137","0,064","0,090","0","0,214","0,284","0,026","0,126","0,069","0,011","0,634","0,468","0,896","2,338"
"00:09:12","0,132","0,063","0,089","0","0,212","0,284","0,026","0,127","0,070","0,006","0,631","0,461","0,896","2,338"
"00:09:13","0,127","0,063","0,088","0","0,209","0,284","0,026","0,127","0,070","0,002","0,627","0,454","0,896","2,338"
"00:09:14","0,124","0,064","0,087","0","0,206","0,284","0,026","0,127","0,070","0","0,621","0,447","0,896","2,338"
"00:09:15","0,122","0,064","0,087","0","0,202","0,284","0,026","0,127","0,070","0","0,613","0,441","0,896","2,338"
"00:09:16","0,120","0,063","0,087","0","0,199","0,284","0,025","0,128","0,070","0","0,605","0,434","0,896","2,338"
"00:09:17","0,119","0,061","0,086","0","0,194","0,284","0,024","0,130","0,069","0","0,597","0,428","0,896","2,338"
"00:09:18","0,120","0,059","0,083","0","0,192","0,285","0,023","0,132","0,068","0","0,590","0,422","0,896","2,339"
"00:09:19","0,120","0,057","0,082","0","0,188","0,285","0,019","0,134","0,066","0","0,583","0,417","0,896","2,338"
"00:09:20","0,120","0,054","0,083","0","0,184","0,285","0,015","0,135","0,064","0","0,576","0,411","0,896","2,338"
"00:09:21","0,119","0,054","0,085","0","0,182","0,284","0,011","0,135","0,063","0","0,568","0,407","0,896","2,339"
"00:09:22","0,118","0,052","0,084","0","0,182","0,283","0,008","0,134","0,060","0,000","0,560","0,403","0,896","2,338"
"00:09:23","0,118","0,049","0,084","0","0,181","0,282","0,006","0,135","0,056","0,007","0,551","0,399","0,896","2,339"
"00:09:24","0,117","0,047","0,083","0","0,180","0,280","0,002","0,135","0,051","0,013","0,542","0,395","0,896","2,338"
"00:09:25","0,116","0,045","0,081","0","0,179","0,279","0","0,135","0,047","0,019","0,534","0,391","0,896","2,338"
"00:09:26","0,117","0,043","0,080","0","0,178","0,277","0","0,135","0,043","0,023","0,528","0,387","0,896","2,338"
"00:09:27","0,116","0,040","0,079","0","0,176","0,275","0","0,136","0,040","0,027","0,523","0,385","0,896","2,338"
"00:09:28","0,115","0,038","0,078","0","0,176","0,273","0","0,137","0,040","0,029","0,519","0,382","0,896","2,339"
"00:09:29","0,114","0,037","0,077","0","0,175","0,271","0","0,137","0,041","0,032","0,517","0,379","0,896","2,338"
"00:09:30","0,113","0,036","0,075","0","0,176","0,269","0","0,139","0,041","0,034","0,515","0,376","0,896","2,338"
"00:09:31","0,112","0,036","0,073","0","0,175","0,268","0","0,140","0,040","0,035","0,513","0,373","0,896","2,339"
"00:09:32","0,110","0,038","0,071","0","0,174","0,265","0","0,141","0,040","0,035","0,511","0,370","0,896","2,338"
"00:09:33","0,108","0,039","0,069","0","0,174","0,263","0","0,143","0,041","0,037","0,509","0,365","0,896","2,339"
"00:09:34","0,106","0,039","0,067","0","0,175","0,260","0","0,146","0,042","0,038","0,506","0,360","0,896","2,338"
"00:09:35","0,105","0,040","0,065","0","0,173","0,259","0","0,148","0,043","0,039","0,504","0,356","0,896","2,338"
"00:09:36","0,104","0,041","0,064","0","0,171","0,259","0","0,150","0,044","0,040","0,501","0,352","0,896","2,339"
"00:09:37","0,103","0,041","0,063","0","0,167","0,259","0","0,152","0,043","0,039","0,497","0,348","0,896","2,338"
"00:09:38","0,103","0,043","0,062","0","0,163","0,253","0","0,154","0,043","0,037","0,491","0,345","0,896","2,338"
"00:09:39","0,103","0,043","0,063","0","0,161","0,246","0","0,156","0,042","0,036","0,483","0,343","0,896","2,338"
"00:09:40","0,103","0,042","0,063","0","0,161","0,240","0","0,159","0,041","0,035","0,475","0,341","0,896","2,338"
"00:09:41","0,104","0,040","0,063","0","0,162","0,236","0","0,161","0,040","0,036","0,469","0,340","0,895","2,338"
"00:09:42","0,105","0,037","0,063","0","0,164","0,233","0","0,163","0,039","0,036","0,464","0,337","0,896","2,339"
"00:09:43","0,105","0,036","0,064","0","0,166","0,230","0","0,166","0,037","0,037","0,460","0,335","0,896","2,339"
"00:09:44","0,105","0,036","0,065","0","0,168","0,228","0","0,168","0,037","0,038","0,456","0,332","0,896","2,339"
"00:09:45","0,105","0,038","0,065","0","0,171","0,226","0","0,170","0,037","0,040","0,454","0,329","0,896","2,339"
"00:09:46","0,106","0,038","0,067","0","0,174","0,224","0","0,171","0,039","0,041","0,451","0,327","0,896","2,339"
"00:09:47","0,107","0,038","0,068","0","0,176","0,221","0","0,171","0,040","0,042","0,449","0,324","0,896","2,338"
"00:09:48","0,108","0,035","0,070","0","0,178","0,220","0","0,171","0,041","0,042","0,446","0,322","0,896","2,338"
"00:09:49","0,109","0,033","0,071","0","0,181","0,220","0","0,171","0,043","0,043","0,443","0,320","0,896","2,338"
"00:09:50","0,110","0,032","0,072","0","0,182","0,219","0","0,170","0,044","0,045","0,440","0,318","0,896","2,338"
"00:09:51","0,109","0,032","0,073","0","0,184","0,218","0","0,168","0,044","0,047","0,437","0,317","0,896","2,338"
"00:09:52","0,107","0,034","0,075","0","0,185","0,218","0","0,168","0,045","0,049","0,435","0,315","0,896","2,338"
"00:09:53","0,104","0,034","0,076","0","0,184","0,219","0","0,169","0,046","0,049","0,432","0,314","0,896","2,338"
"00:09:54","0,102","0,034","0,076","0","0,183","0,220","0","0,169","0,048","0,051","0,430","0,313","0,896","2,339"
"00:09:55","0,100","0,035","0,076","0","0,183","0,220","0","0,169","0,049","0,052","0,428","0,311","0,896","2,339"
"00:09:56","0,099","0,034","0,076","0","0,181","0,221","0","0,167","0,049","0,052","0,426","0,310","0,896","2,339"
